ion version="3.1" type="plugin" group="search">
	<name>plg_search_categories</name>
	<author>Joomla! Project</author>
	<creationDate>November 2005</creationDate>
	<copyright>Copyright (C) 2005 - 2013 Open Source Matters. All rights reserved.</copyright>
	<license>GNU General Public License version 2 or later; see LICENSE.txt</license>
	<authorEmail>admin@joomla.org</authorEmail>
	<authorUrl>www.joomla.org</authorUrl>
	<version>3.1.0</version>
	<description>PLG_SEARCH_CATEGORIES_XML_DESCRIPTION</description>
	<files>
		<filename plugin="categories">categories.php</filename>
		<filename>index.html</filename>
	</files>
	<languages>
		<language tag="en-GB">en-GB.plg_search_categories.ini</language>
		<language tag="en-GB">en-GB.plg_search_categories.sys.ini</language>
	</languages>
	<config>
		<fields name="params">

			<fieldset name="basic">
				<field name="search_limit" type="text"
					default="50"
					description="JFIELD_PLG_SEARCH_SEARCHLIMIT_DESC"
					label="JFIELD_PLG_SEARCH_SEARCHLIMIT_LABEL"
					size="5"
				/>

				<field name="search_content" type="radio"
					default="0"
					description="JFIELD_PLG_SEARCH_ALL_DESC"
					label="JFIELD_PLG_SEARCH_ALL_LABEL"
				>
					<option value="0">JOFF</option>
					<option value="1">JON</option>
				</field>

				<field name="search_archived" type="radio"
					default="0"
					description="JFIELD_PLG_SEARCH_ARCHIVED_DESC"
					label="JFIELD_PLG_SEARCH_ARCHIVED_LABEL"
				>
					<option value="0">JOFF</option>
					<option value="1">JON</option>
				</field>
			</fieldset>

		</fields>
	</config>
</extension>
