<?xml version="1.0"?>
<data grt_format="2.0">
  <value _ptr_="000001E5F5A7E780" type="list" content-type="object" content-struct-name="db.mgmt.Connection">
    <value type="object" struct-name="db.mgmt.Connection" id="{E8C34049-5DB8-4A9C-BC6D-6DB4D08FBFEB}" struct-checksum="0x96ba47d8">
      <link type="object" struct-name="db.mgmt.Driver" key="driver">com.mysql.rdbms.mysql.driver.native</link>
      <value type="string" key="hostIdentifier">Mysql@localhost:3306</value>
      <value type="int" key="isDefault">0</value>
      <value _ptr_="000001E5F5B1EFA0" type="dict" key="modules"/>
      <value _ptr_="000001E5F5B1E760" type="dict" key="parameterValues">
        <value type="string" key="DbSqlEditor:LastDefaultSchema">cssow</value>
        <value type="string" key="SQL_MODE"></value>
        <value type="string" key="hostName">localhost</value>
        <value type="int" key="lastConnected">1541172839</value>
        <value type="string" key="password"></value>
        <value type="int" key="port">3306</value>
        <value type="string" key="schema"></value>
        <value type="string" key="serverVersion">8.0.13</value>
        <value type="string" key="sslCA"></value>
        <value type="string" key="sslCert"></value>
        <value type="string" key="sslCipher"></value>
        <value type="string" key="sslKey"></value>
        <value type="int" key="useSSL">1</value>
        <value type="string" key="userName">root</value>
      </value>
      <value type="string" key="name">Local instance mysql</value>
      <link type="object" struct-name="GrtObject" key="owner">{6B5119F3-F903-4F49-9638-5073544B8785}</link>
    </value>
    <value type="object" struct-name="db.mgmt.Connection" id="{96D72B56-5EC0-4BF6-A352-C69E0D415B46}" struct-checksum="0x96ba47d8">
      <link type="object" struct-name="db.mgmt.Driver" key="driver">com.mysql.rdbms.mysql.driver.native</link>
      <value type="string" key="hostIdentifier">Mysql@127.0.0.1:3306</value>
      <value type="int" key="isDefault">1</value>
      <value _ptr_="000001E5F5B1E100" type="dict" key="modules"/>
      <value _ptr_="000001E5F5B1EF40" type="dict" key="parameterValues">
        <value type="string" key=""></value>
        <value type="string" key="SQL_MODE"></value>
        <value type="string" key="hostName">127.0.0.1</value>
        <value type="int" key="lastConnected">1541407784</value>
        <value type="string" key="password"></value>
        <value type="int" key="port">3306</value>
        <value type="string" key="schema"></value>
        <value type="string" key="serverVersion">8.0.13</value>
        <value type="string" key="sslCA"></value>
        <value type="string" key="sslCert"></value>
        <value type="string" key="sslCipher"></value>
        <value type="string" key="sslKey"></value>
        <value type="int" key="useSSL">1</value>
        <value type="string" key="userName">root</value>
      </value>
      <value type="string" key="name">cssow</value>
      <link type="object" struct-name="GrtObject" key="owner">{6B5119F3-F903-4F49-9638-5073544B8785}</link>
    </value>
    <value type="object" struct-name="db.mgmt.Connection" id="{CF49AA13-6EC7-4DAA-B7C9-EAF2EB708CC9}" struct-checksum="0x96ba47d8">
      <link type="object" struct-name="db.mgmt.Driver" key="driver">com.mysql.rdbms.mysql.driver.native</link>
      <value type="string" key="hostIdentifier">Mysql@192.168.56.20:3306</value>
      <value type="int" key="isDefault">0</value>
      <value _ptr_="000001E5F7BF98B0" type="dict" key="modules"/>
      <value _ptr_="000001E5F7BF88F0" type="dict" key="parameterValues">
        <value type="string" key=""></value>
        <value type="string" key="SQL_MODE"></value>
        <value type="string" key="hostName">192.168.56.20</value>
        <value type="int" key="lastConnected">1541407569</value>
        <value type="string" key="password"></value>
        <value type="int" key="port">3306</value>
        <value type="string" key="schema"></value>
        <value type="string" key="serverVersion">5.7.19</value>
        <value type="string" key="sslCA"></value>
        <value type="string" key="sslCert"></value>
        <value type="string" key="sslCipher"></value>
        <value type="string" key="sslKey"></value>
        <value type="int" key="useSSL">1</value>
        <value type="string" key="userName">joomla</value>
      </value>
      <value type="string" key="name">cssow development</value>
    </value>
  </value>
</data>
