<?xml version="1.0"?>
<data grt_format="2.0">
  <value _ptr_="000001E5F5A7F9E0" type="list" content-type="object" content-struct-name="db.mgmt.ServerInstance">
    <value type="object" struct-name="db.mgmt.ServerInstance" id="{D5DB6420-2826-4117-9075-093592A8BAC9}" struct-checksum="0x367436e2">
      <link type="object" struct-name="db.mgmt.Connection" key="connection">{E8C34049-5DB8-4A9C-BC6D-6DB4D08FBFEB}</link>
      <value _ptr_="000001E5F5B1E1C0" type="dict" key="loginInfo">
        <value type="string" key="wmi.hostName"></value>
        <value type="string" key="wmi.userName"></value>
      </value>
      <value _ptr_="000001E5F5B1E340" type="dict" key="serverInfo">
        <value type="string" key="basedir">C:/xampp/mysql</value>
        <value type="string" key="datadir">C:\xampp\mysql\data\</value>
        <value type="string" key="detected_os_name">Windows 8.1 Pro with Media Center</value>
        <value type="string" key="detected_os_type">windows</value>
        <value type="string" key="detected_os_variant">Windows</value>
        <value type="string" key="detected_os_version">Microsoft Windows [Version 6.3.9600]</value>
        <value type="string" key="errorLogFilePath">mysql_error.log</value>
        <value type="string" key="generalLogFilePath">C:\xampp\mysql\data\JTC11.log</value>
        <value type="string" key="serverVersion">5.6.24</value>
        <value type="int" key="setupPending">0</value>
        <value type="string" key="slowLogFilePath">C:\xampp\mysql\data\JTC11-slow.log</value>
        <value type="string" key="sys.config.path">c:\xampp\mysql\bin\my.ini</value>
        <value type="int" key="sys.config.path.lock">1</value>
        <value type="string" key="sys.config.section">mysqld</value>
        <value type="string" key="sys.mysqld.service_name">mysql</value>
        <value type="string" key="sys.preset">Custom</value>
        <value type="string" key="sys.sudo"></value>
        <value type="string" key="sys.system">Windows</value>
        <value type="int" key="sys.usesudo">1</value>
        <value type="int" key="sys.usesudostatus">0</value>
        <value type="int" key="windowsAdmin">1</value>
      </value>
      <value type="string" key="name">Local mysql</value>
    </value>
    <value type="object" struct-name="db.mgmt.ServerInstance" id="{9933024E-DDD2-4778-B5F5-F27A0EF71FC6}" struct-checksum="0x367436e2">
      <link type="object" struct-name="db.mgmt.Connection" key="connection">{96D72B56-5EC0-4BF6-A352-C69E0D415B46}</link>
      <value _ptr_="000001E5F5B1E520" type="dict" key="loginInfo">
        <value type="string" key="ssh.hostName"></value>
        <value type="string" key="ssh.key">C:\Users\Dave\AppData\Roaming/.ssh/ssh_private_key</value>
        <value type="string" key="ssh.localPort">3306</value>
        <value type="int" key="ssh.useKey">0</value>
        <value type="string" key="ssh.userName">mysql</value>
      </value>
      <value _ptr_="000001E5F5B1E9A0" type="dict" key="serverInfo">
        <value type="string" key="basedir">C:\Program Files\MySQL\MySQL Server 8.0\</value>
        <value type="string" key="datadir">C:\ProgramData\MySQL\MySQL Server 8.0\Data\</value>
        <value type="string" key="detected_os_name">Windows 10 Pro</value>
        <value type="string" key="detected_os_type">windows</value>
        <value type="string" key="detected_os_variant">Windows</value>
        <value type="string" key="detected_os_version">Microsoft Windows [Version 10.0.17134.345]</value>
        <value type="string" key="errorLogFilePath">JTC11.err</value>
        <value type="string" key="generalLogFilePath">JTC11.log</value>
        <value type="string" key="serverVersion">8.0.13</value>
        <value type="int" key="setupPending">0</value>
        <value type="int" key="slowLogEnabled">1</value>
        <value type="string" key="slowLogFilePath">JTC11-slow.log</value>
        <value type="string" key="sys.config.path">%ProgramData%\MySQL\MySQL Server 5.5\my.ini</value>
        <value type="string" key="sys.config.section">mysqld</value>
        <value type="string" key="sys.mysqld.service_name">MySQL</value>
        <value type="string" key="sys.mysqld.start">sc start mysql</value>
        <value type="string" key="sys.mysqld.stop">sc stop mysql</value>
        <value type="string" key="sys.sudo"></value>
        <value type="string" key="sys.system">Windows</value>
        <value type="int" key="sys.usesudo">1</value>
        <value type="int" key="sys.usesudostatus">0</value>
        <value type="int" key="windowsAdmin">1</value>
      </value>
      <value type="string" key="name">cssow</value>
    </value>
    <value type="object" struct-name="db.mgmt.ServerInstance" id="{CC7BED81-1B15-47ED-9DA1-1BF06F2CCFA2}" struct-checksum="0x367436e2">
      <link type="object" struct-name="db.mgmt.Connection" key="connection">{CF49AA13-6EC7-4DAA-B7C9-EAF2EB708CC9}</link>
      <value _ptr_="000001E5F7BF78D0" type="dict" key="loginInfo"/>
      <value _ptr_="000001E5F7BF79F0" type="dict" key="serverInfo">
        <value type="int" key="setupPending">0</value>
        <value type="string" key="sys.sudo"></value>
      </value>
      <value type="string" key="name">cssow development</value>
      <link type="object" struct-name="GrtObject" key="owner">{6B5119F3-F903-4F49-9638-5073544B8785}</link>
    </value>
  </value>
</data>
